<?xml version="1.0" encoding="UTF-8"?>
<beans xmlns="http://www.springframework.org/schema/beans"
       xmlns:context="http://www.springframework.org/schema/context"
       xmlns:mvc="http://www.springframework.org/schema/mvc"
       xmlns:xsi="http://www.w3.org/2001/XMLSchema-instance"
       xsi:schemaLocation="
           http://www.springframework.org/schema/beans
           http://www.springframework.org/schema/beans/spring-beans.xsd
           http://www.springframework.org/schema/context
           http://www.springframework.org/schema/context/spring-context.xsd
           http://www.springframework.org/schema/mvc
           http://www.springframework.org/schema/mvc/spring-mvc.xsd">

    <!-- Enable component scanning -->
    <context:component-scan base-package="com.hw4.springmovies" />

    <!-- Enable MVC annotations -->
    <mvc:annotation-driven />

    <!-- DataSource configuration for SQLite -->
    <bean id="dataSource" class="org.springframework.jdbc.datasource.DriverManagerDataSource">
        <property name="driverClassName" value="org.sqlite.JDBC" />
        <property name="url" value="jdbc:sqlite:/Users/carliarbon/NetBeansProjects/SpringMovie/databases/movies.db" />
    </bean>

    <!-- JdbcTemplate bean for executing SQL queries -->
    <bean id="jdbcTemplate" class="org.springframework.jdbc.core.JdbcTemplate">
        <constructor-arg ref="dataSource" />
    </bean>

    <!-- MovieDAO bean for database operations -->
    <bean id="movieDAO" class="com.hw4.springmovies.model.MovieDAO">
        <property name="jdbcTemplate" ref="jdbcTemplate" />
    </bean>

    <!-- ViewResolver for resolving views (.jsp files) -->
  <bean id="viewResolver"
      class="org.springframework.web.servlet.view.InternalResourceViewResolver">
    <property name="prefix" value="/WEB-INF/views/" />
    <property name="suffix" value=".jsp" />
</bean>


</beans>
